"param","index","value"
"alpha",0,-4.58405505553158
"alpha",1,-7.28805707472416
"alpha",2,-7.69092499450753
"alpha",3,-7.77634866693112
"alpha",4,-7.85916143627191
"alpha",5,-7.9500142207708
"alpha",6,-8.01868884774181
"alpha",7,-8.10078586019182
"alpha",8,-8.2047369614898
"alpha",9,-8.21811411105266
"alpha",10,-8.25197216839704
"alpha",11,-8.31655405969479
"alpha",12,-8.30559412562982
"alpha",13,-8.19538882636762
"alpha",14,-8.01022021277111
"alpha",15,-7.59790571458884
"alpha",16,-7.42888936685576
"alpha",17,-7.27592367228809
"alpha",18,-6.97213773364382
"alpha",19,-6.936542262069
"alpha",20,-6.88947244651048
"alpha",21,-6.92176012206924
"alpha",22,-6.90599633041287
"alpha",23,-6.87730080867313
"alpha",24,-6.9254244948276
"alpha",25,-6.91405974528136
"alpha",26,-6.86773701976299
"alpha",27,-6.85513623285942
"alpha",28,-6.85335214234728
"alpha",29,-6.78766509976541
"alpha",30,-6.7409760328135
"alpha",31,-6.74398904104876
"alpha",32,-6.70083533583035
"alpha",33,-6.6563280925213
"alpha",34,-6.57635855821943
"alpha",35,-6.50731355219846
"alpha",36,-6.46172873799654
"alpha",37,-6.43444605186485
"alpha",38,-6.30420825889515
"alpha",39,-6.29288931713968
"alpha",40,-6.18906625650587
"alpha",41,-6.12501198270708
"alpha",42,-6.03363613313316
"alpha",43,-5.95067745190886
"alpha",44,-5.87892721638247
"alpha",45,-5.7669568900742
"alpha",46,-5.69108292996701
"alpha",47,-5.58606489068903
"alpha",48,-5.50611837300262
"alpha",49,-5.39499615542319
"alpha",50,-5.31630050623705
"alpha",51,-5.21254612093247
"alpha",52,-5.10548817817009
"alpha",53,-5.0172069707296
"alpha",54,-4.91154994457047
"alpha",55,-4.81362509044076
"alpha",56,-4.71084841914191
"alpha",57,-4.61255562525205
"alpha",58,-4.52903562086814
"alpha",59,-4.41136976964882
"alpha",60,-4.30876421192463
"alpha",61,-4.21352091342175
"alpha",62,-4.12049258563002
"alpha",63,-4.007600130477
"alpha",64,-3.90380626312241
"alpha",65,-3.81105299165744
"alpha",66,-3.71016266932449
"alpha",67,-3.60696573016896
"alpha",68,-3.50323127341228
"alpha",69,-3.40825883446805
"alpha",70,-3.31309308198642
"alpha",71,-3.20253920094035
"alpha",72,-3.10584987362201
"alpha",73,-3.00379725282129
"alpha",74,-2.90243572781998
"alpha",75,-2.79831639485494
"alpha",76,-2.70000335989852
"alpha",77,-2.58389231552377
"alpha",78,-2.49231882654159
"alpha",79,-2.39118791031536
"alpha",80,-2.29247920716437
"alpha",81,-2.18609429898341
"alpha",82,-2.0862087934873
"alpha",83,-1.9941477914014
"alpha",84,-1.89736106770797
"alpha",85,-1.79874184137915
"alpha",86,-1.69956165248733
"alpha",87,-1.60810513876979
"alpha",88,-1.51329933172682
"alpha",89,-1.43270400564807
"beta",0,0.0290439361312281
"beta",1,0.0323889065477073
"beta",2,0.0378815108525927
"beta",3,0.0334261968297015
"beta",4,0.0309858679273927
"beta",5,0.0352138343753445
"beta",6,0.0302174676303004
"beta",7,0.0307354050751919
"beta",8,0.0304640514493597
"beta",9,0.0234743779706439
"beta",10,0.0241648949607893
"beta",11,0.0216803124098179
"beta",12,0.024344583418393
"beta",13,0.0196603007237489
"beta",14,0.0193146080117826
"beta",15,0.0163010875723618
"beta",16,0.0178412382637484
"beta",17,0.0168451724416858
"beta",18,0.0117578620738278
"beta",19,0.0113875325773731
"beta",20,0.0109187485672138
"beta",21,0.00946582428504636
"beta",22,0.0119168938567012
"beta",23,0.00920990281271009
"beta",24,0.00987682234354894
"beta",25,0.00864012166072944
"beta",26,0.00896498456184357
"beta",27,0.00834591429388054
"beta",28,0.00766445284038836
"beta",29,0.0101096410117768
"beta",30,0.00993849322474998
"beta",31,0.00914784002928061
"beta",32,0.00886811277433357
"beta",33,0.00893431559472799
"beta",34,0.0075904649027528
"beta",35,0.00764362900120898
"beta",36,0.00745470802507913
"beta",37,0.00741523234136934
"beta",38,0.00673854072520863
"beta",39,0.00790700786776104
"beta",40,0.00685804006287386
"beta",41,0.00747987533552754
"beta",42,0.00630735687360526
"beta",43,0.00649737144045235
"beta",44,0.00760909473921241
"beta",45,0.00740553677652082
"beta",46,0.00783044320337847
"beta",47,0.00666107246622351
"beta",48,0.00804952417341294
"beta",49,0.00792974433747162
"beta",50,0.00784864480414913
"beta",51,0.00735540011211387
"beta",52,0.00767428369968727
"beta",53,0.00712619137172292
"beta",54,0.00718079908930286
"beta",55,0.00734626643820626
"beta",56,0.00746102149473286
"beta",57,0.00770077053000546
"beta",58,0.007338961631387
"beta",59,0.00772983609774645
"beta",60,0.00747590012035907
"beta",61,0.00740035918066205
"beta",62,0.00711658204484449
"beta",63,0.00713419057366283
"beta",64,0.00674979701035432
"beta",65,0.00636312017980966
"beta",66,0.00666033777765552
"beta",67,0.00680616078506464
"beta",68,0.00693747481009452
"beta",69,0.0069208039596888
"beta",70,0.00688286973087383
"beta",71,0.00659748865822375
"beta",72,0.00664016163475642
"beta",73,0.00641639087441377
"beta",74,0.00625688815544125
"beta",75,0.00623535722529938
"beta",76,0.00624813676238451
"beta",77,0.00591014223223282
"beta",78,0.00597420650314281
"beta",79,0.00566825544887246
"beta",80,0.00577070291355977
"beta",81,0.0053419166439796
"beta",82,0.00538777211588044
"beta",83,0.00492440412389428
"beta",84,0.00444177380218409
"beta",85,0.00439821225799617
"beta",86,0.00412529672948729
"beta",87,0.00426063938556553
"beta",88,0.00393626040853536
"beta",89,0.00374736531004524
"kappa",1950,27.8853742864238
"kappa",1951,26.5135956614368
"kappa",1952,23.6209120873372
"kappa",1953,23.1514249927783
"kappa",1954,20.3092016638589
"kappa",1955,18.9280444360681
"kappa",1956,19.4899970711583
"kappa",1957,21.4384781511415
"kappa",1958,15.4521843655043
"kappa",1959,14.764454135076
"kappa",1960,18.0863945366798
"kappa",1961,14.4514667995128
"kappa",1962,17.3731914164822
"kappa",1963,15.6142695409181
"kappa",1964,14.2567636675607
"kappa",1965,13.323027829691
"kappa",1966,12.44991624543
"kappa",1967,11.5990873371219
"kappa",1968,13.0503396660358
"kappa",1969,13.4287352545234
"kappa",1970,7.97046234022918
"kappa",1971,10.3792419989727
"kappa",1972,9.68339414834552
"kappa",1973,9.06415166930369
"kappa",1974,8.58622741132519
"kappa",1975,8.54962055080217
"kappa",1976,9.564428816721
"kappa",1977,6.43219508826566
"kappa",1978,6.23537350119673
"kappa",1979,6.13839536954441
"kappa",1980,3.23383104116779
"kappa",1981,1.15080194188702
"kappa",1982,-2.46883978600933
"kappa",1983,-4.55128331778301
"kappa",1984,-7.45130174153176
"kappa",1985,-5.78328125119132
"kappa",1986,-8.40591974603412
"kappa",1987,-11.1268205217073
"kappa",1988,-10.2388756031668
"kappa",1989,-18.709102929177
"kappa",1990,-17.5478858899374
"kappa",1991,-19.8584748634716
"kappa",1992,-24.036154331546
"kappa",1993,-25.0639957366384
"kappa",1994,-33.6391033989782
"kappa",1995,-33.8691463278377
"kappa",1996,-38.0906996260818
"kappa",1997,-40.9876181085159
"kappa",1998,-43.2531859031438
"kappa",1999,-45.9952904217159
"kappa",2000,-51.0980035180324
